Workbook

Sheet Notes
A1: Refrigeration Cycle - P-h Diagram Data and Verification
A3: Source: DWSIM 10.2, propane, Peng-Robinson property package, basis 1 mol/s
A5: Sheet guide
A6: Ph Diagram Data Saturation dome (bubble + dew) and the four cycle states. Chart is on this sheet.
A7: Cycle States The four thermodynamic states, from the DWSIM stream report.
A8: Verification Duties recomputed by hand from mass flow x enthalpy change, against DWSIM.
A9: Raw Envelope Data Original pasted export, unmodified.
A10: DWSIM Report Original pasted report, unmodified.
A12: Cleaning applied to the raw envelope export
A13: 1. The export contained five stacked copies, one per stream. All five were verified byte-identical
A14: (every stream is pure propane), so only one copy is retained.
A15: 2. The bubble point curve padded its last hundreds of rows by repeating the critical point. Those were removed.
... A18: 5. Unused envelope columns (entropy, volume, hydrate, Widom, SLE) dropped.

Sheet Ph Diagram Data
A1: Bubble h (kJ/kg) | B1: Bubble P (Pa) | C1: Bubble P (bar) | E1: Dew h (kJ/kg) | F1: Dew P (Pa) | G1: Dew P (bar) | I1: State | J1: Cycle h (kJ/kg) | K1: Cycle P (Pa) | L1: Cycle P (bar)
A2: -657.798 | B2: 1589.06 | C2: =B2/100000 -> 0.0158906 | E2: -107.247 | F2: 101325 | G2: =F2/100000 -> 1.01325 | I2: 1 | J2: -80.0775 | K2: 245000 | L2: =K2/100000 -> 2.45
A3: -656.001 | B3: 1742.91 | C3: =B3/100000 -> 0.0174291 | E3: -100.948 | F3: 126325 | G3: =F3/100000 -> 1.26325 | I3: 2 | J3: 15.2325 | K3: 1250000 | L3: =K3/100000 -> 12.5
A4: -654.2 | B4: 1909.29 | C4: =B4/100000 -> 0.0190929 | E4: -95.554 | F4: 151325 | G4: =F4/100000 -> 1.51325 | I4: 3 | J4: -346.191 | K4: 1250000 | L4: =K4/100000 -> 12.5
A5: -652.394 | B5: 2089.02 | C5: =B5/100000 -> 0.0208902 | E5: -94.3195 | F5: 157553 | G5: =F5/100000 -> 1.57553 | I5: 4 | J5: -346.191 | K5: 245000 | L5: =K5/100000 -> 2.45
A6: -650.584 | B6: 2282.96 | C6: =B6/100000 -> 0.0228296 | E6: -93.0855 | F6: 163977 | G6: =F6/100000 -> 1.63977 | I6: 1 (close) | J6: -80.0775 | K6: 245000 | L6: =K6/100000 -> 2.45
A7: -648.77 | B7: 2491.98 | C7: =B7/100000 -> 0.0249198 | E7: -91.8522 | F7: 170599 | G7: =F7/100000 -> 1.70599
A8: -646.951 | B8: 2717.03 | C8: =B8/100000 -> 0.0271703 | E8: -90.6195 | F8: 177426 | G8: =F8/100000 -> 1.77426
A9: -645.127 | B9: 2959.06 | C9: =B9/100000 -> 0.0295906 | E9: -89.3877 | F9: 184459 | G9: =F9/100000 -> 1.84459
A10: -643.299 | B10: 3219.11 | C10: =B10/100000 -> 0.0321911 | E10: -88.1568 | F10: 191704 | G10: =F10/100000 -> 1.91704
A11: -641.467 | B11: 3498.21 | C11: =B11/100000 -> 0.0349821 | E11: -86.9268 | F11: 199164 | G11: =F11/100000 -> 1.99164
A12: -639.63 | B12: 3797.46 | C12: =B12/100000 -> 0.0379746 | E12: -85.6979 | F12: 206844 | G12: =F12/100000 -> 2.06844
A13: -637.788 | B13: 4118.01 | C13: =B13/100000 -> 0.0411801 | E13: -84.4702 | F13: 214747 | G13: =F13/100000 -> 2.14747
A14: -635.941 | B14: 4461.03 | C14: =B14/100000 -> 0.0446103 | E14: -83.2437 | F14: 222879 | G14: =F14/100000 -> 2.22879
A15: -634.09 | B15: 4827.76 | C15: =B15/100000 -> 0.0482776 | E15: -82.0186 | F15: 231242 | G15: =F15/100000 -> 2.31242
A16: -632.234 | B16: 5219.47 | C16: =B16/100000 -> 0.0521947 | E16: -80.795 | F16: 239841 | G16: =F16/100000 -> 2.39841
A17: -630.373 | B17: 5637.48 | C17: =B17/100000 -> 0.0563748 | E17: -79.5728 | F17: 248681 | G17: =F17/100000 -> 2.48681
A18: -628.507 | B18: 6083.15 | C18: =B18/100000 -> 0.0608315 | E18: -78.3523 | F18: 257765 | G18: =F18/100000 -> 2.57765
... A134: -365.051 | B134: 966696 | C134: =B134/100000 -> 9.66696 | E134: -12.3729 | F134: 4209750 | G134: =F134/100000 -> 42.0975
A135: -362.209 | B135: 991392 | C135: =B135/100000 -> 9.91392
A136: -359.351 | B136: 1016540 | C136: =B136/100000 -> 10.1654
A137: -356.479 | B137: 1042150 | C137: =B137/100000 -> 10.4215
A138: -353.592 | B138: 1068220 | C138: =B138/100000 -> 10.6822
A139: -350.689 | B139: 1094760 | C139: =B139/100000 -> 10.9476
A140: -347.771 | B140: 1121770 | C140: =B140/100000 -> 11.2177
A141: -344.837 | B141: 1149260 | C141: =B141/100000 -> 11.4926
A142: -341.887 | B142: 1177230 | C142: =B142/100000 -> 11.7723
A143: -338.92 | B143: 1205690 | C143: =B143/100000 -> 12.0569
A144: -335.937 | B144: 1234640 | C144: =B144/100000 -> 12.3464
A145: -332.936 | B145: 1264080 | C145: =B145/100000 -> 12.6408
A146: -329.918 | B146: 1294030 | C146: =B146/100000 -> 12.9403
... A218: -11.1995 | B218: 4169160 | C218: =B218/100000 -> 41.6916

Sheet Cycle States
A1: State | B1: Location | C1: T (K) | D1: P (Pa) | E1: P (bar) | F1: h (kJ/kg) | G1: s (kJ/kg.K)
A2: 1 | B2: Evaporator out / compressor in | C2: 252.995 | D2: 245000 | E2: =D2/100000 -> 2.45 | F2: -80.0775 | G2: -0.447798
A3: 2 | B3: Compressor out / condenser in | C3: 325.138 | D3: 1250000 | E3: =D3/100000 -> 12.5 | F3: 15.2325 | G3: -0.388308
A4: 3 | B4: Condenser out / valve in | C4: 305 | D4: 1250000 | E4: =D4/100000 -> 12.5 | F4: -346.191 | G4: -1.55496
A5: 4 | B5: Valve out / evaporator in | C5: 252.995 | D5: 245000 | E5: =D5/100000 -> 2.45 | F5: -346.191 | G5: -1.49871
A6: 5 | B6: Evaporator out (closes to 1) | C6: 253 | D6: 245000 | E6: =D6/100000 -> 2.45 | F6: -80.0691 | G6: -0.447765
A8: States 1 and 5 are the same point; 5 is listed to show cycle closure (0.005 K apart).
A9: h3 = h4 exactly: the expansion valve is isenthalpic.

Sheet Verification
A1: Energy Balance Verification
A3: Mass flow (kg/s) | B3: 0.0440956 | C3: Basis: 1 mol/s propane
A5: Component | B5: h in (kJ/kg) | C5: h out (kJ/kg) | D5: dh (kJ/kg) | E5: Hand (kW) | F5: DWSIM (kW) | G5: Diff (%)
A6: Compressor | B6: ='Cycle States'!F2 -> -80.0775 | C6: ='Cycle States'!F3 -> 15.2325 | D6: =C6-B6 -> 95.31 | E6: =ABS($B$3*D6) -> 4.2027516 | F6: 4.20275 | G6: =IF(F6=0,"",ABS(E6-F6)/F6*100) -> 3.8926893e-05
A7: Condenser | B7: ='Cycle States'!F3 -> 15.2325 | C7: ='Cycle States'!F4 -> -346.191 | D7: =C7-B7 -> -361.4235 | E7: =ABS($B$3*D7) -> 15.937186 | F7: 15.9372 | G7: =IF(F7=0,"",ABS(E7-F7)/F7*100) -> 8.7301408e-05
A8: Evaporator | B8: ='Cycle States'!F5 -> -346.191 | C8: ='Cycle States'!F6 -> -80.0691 | D8: =C8-B8 -> 266.1219 | E8: =ABS($B$3*D8) -> 11.734805 | F8: 11.7348 | G8: =IF(F8=0,"",ABS(E8-F8)/F8*100) -> 4.136108e-05
A11: Checks
A12: COP = Q_evap / W_comp | B12: =E8/E6 -> 2.7921719 | C12: Tutorial expects 2 - 7
A13: Carnot COP = T_L / (T_H - T_L) | B13: =253/(305-253) -> 4.8653846 | C13: Ideal limit between 253 K and 305 K
A14: Second-law efficiency (%) | B14: =B12/B13*100 -> 57.388513 | C14: COP as a fraction of Carnot
A15: Energy balance: Q_evap + W (kW) | B15: =E8+E6 -> 15.937556 | C15: Should equal condenser duty
A16: Condenser duty (kW) | B16: =E7 -> 15.937186
A17: Balance closure error (%) | B17: =ABS(B15-B16)/B16*100 -> 0.0023241433 | C17: Tutorial allows 0.5%
A18: Cycle closure: T5 - T1 (K) | B18: ='Cycle States'!C6-'Cycle States'!C2 -> 0.005 | C18: Should be near zero

Sheet Raw Envelope Data
A1: Tb (K) | B1: Pb (Pa) | C1: Hb (kJ/kg) | D1: Sb (kJ/[kg.K]) | E1: Vb (m3/mol) | F1: Td (K) | G1: Pd (Pa) | H1: Hd (kJ/kg) | I1: Sd (kJ/[kg.K]) | J1: Vd (m3/mol) | K1: Test (K) | L1: Pest (Pa) | M1: TQ (K) | N1: PQ (Pa) | O1: TPIP (K) | P1: PPIP (Pa) | Q1: THsI (K) | R1: PHsI (Pa) | S1: THsII (K) | T1: PHsII (Pa) | U1: TDFW (K) | V1: PDFW (Pa) | W1: HDFW (kJ/kg) | X1: SDFW (kJ/[kg.K]) | Y1: VDFW (m3/mol) | Z1: Tb1 (K) | AA1: Pb1 (Pa) | AB1: Hb1 (kJ/kg) | AC1: Sb1 (kJ/[kg.K]) | AD1: Vb1 (m3/mol) | AE1: Tb2 (K) | AF1: Pb2 (Pa) | AG1: Hb2 (kJ/kg) | AH1: Sb2 (kJ/[kg.K]) | AI1: Vb2 (m3/mol) | AJ1: SLE L T (K) | AK1: SLE L P (Pa) | AL1: SLE S T (K) | AM1: SLE S P (Pa) | AN1: Widom Cp T (K) | AO1: Widom Cp P (Pa) | AP1: Widom kT T (K) | AQ1: Widom kT P (Pa) | AR1: Widom Avg T (K) | AS1: Widom Avg P (Pa)
A2: 166.424 | B2: 1589.06 | C2: -657.798 | D2: -2.87638 | E2: 0.0676043 | F2: 230.945 | G2: 101325 | H2: -107.247 | I2: -0.401637 | J2: 18.3215 | K2: 0 | L2: 0 | O2: 0 | P2: 0
A3: 167.424 | B3: 1742.91 | C3: -656.001 | D3: -2.86562 | E3: 0.0677072 | F3: 236.042 | G3: 126325 | H3: -100.948 | I3: -0.414724 | J3: 14.925
A4: 168.424 | B4: 1909.29 | C4: -654.2 | D4: -2.8549 | E4: 0.0678105 | F4: 240.408 | G4: 151325 | H4: -95.554 | I4: -0.424683 | J4: 12.6131
A5: 169.424 | B5: 2089.02 | C5: -652.394 | D5: -2.84421 | E5: 0.0679144 | F5: 241.408 | G5: 157553 | H5: -94.3195 | I5: -0.426813 | J5: 12.147
A6: 170.424 | B6: 2282.96 | C6: -650.584 | D6: -2.83356 | E6: 0.0680189 | F6: 242.408 | G6: 163977 | H6: -93.0855 | I6: -0.428888 | J6: 11.7019
A7: 171.424 | B7: 2491.98 | C7: -648.77 | D7: -2.82295 | E7: 0.0681239 | F7: 243.408 | G7: 170599 | H7: -91.8522 | I7: -0.43091 | J7: 11.2767
A8: 172.424 | B8: 2717.03 | C8: -646.951 | D8: -2.81237 | E8: 0.0682294 | F8: 244.408 | G8: 177426 | H8: -90.6195 | I8: -0.43288 | J8: 10.8703
A9: 173.424 | B9: 2959.06 | C9: -645.127 | D9: -2.80183 | E9: 0.0683354 | F9: 245.408 | G9: 184459 | H9: -89.3877 | I9: -0.434799 | J9: 10.4818
A10: 174.424 | B10: 3219.11 | C10: -643.299 | D10: -2.79132 | E10: 0.0684421 | F10: 246.408 | G10: 191704 | H10: -88.1568 | I10: -0.436667 | J10: 10.1102
A11: 175.424 | B11: 3498.21 | C11: -641.467 | D11: -2.78085 | E11: 0.0685493 | F11: 247.408 | G11: 199164 | H11: -86.9268 | I11: -0.438487 | J11: 9.75469
A12: 176.424 | B12: 3797.46 | C12: -639.63 | D12: -2.77041 | E12: 0.068657 | F12: 248.408 | G12: 206844 | H12: -85.6979 | I12: -0.440259 | J12: 9.41442
A13: 177.424 | B13: 4118.01 | C13: -637.788 | D13: -2.76 | E13: 0.0687653 | F13: 249.408 | G13: 214747 | H13: -84.4702 | I13: -0.441983 | J13: 9.08862
A14: 178.424 | B14: 4461.03 | C14: -635.941 | D14: -2.74963 | E14: 0.0688742 | F14: 250.408 | G14: 222879 | H14: -83.2437 | I14: -0.443662 | J14: 8.77656
... A134: 298.424 | B134: 966696 | C134: -365.051 | D134: -1.61561 | E134: 0.0894712 | F134: 370.408 | G134: 4209750 | H134: -12.3729 | I134: -0.614852 | J134: 0.304268
A135: 299.424 | B135: 991392 | C135: -362.209 | D135: -1.60627 | E135: 0.0897621
A136: 300.424 | B136: 1016540 | C136: -359.351 | D136: -1.5969 | E136: 0.0900568
A137: 301.424 | B137: 1042150 | C137: -356.479 | D137: -1.58753 | E137: 0.0903557
A138: 302.424 | B138: 1068220 | C138: -353.592 | D138: -1.57814 | E138: 0.0906587
A139: 303.424 | B139: 1094760 | C139: -350.689 | D139: -1.56873 | E139: 0.090966
A140: 304.424 | B140: 1121770 | C140: -347.771 | D140: -1.55931 | E140: 0.0912777
A141: 305.424 | B141: 1149260 | C141: -344.837 | D141: -1.54986 | E141: 0.091594
A142: 306.424 | B142: 1177230 | C142: -341.887 | D142: -1.54041 | E142: 0.0919149
A143: 307.424 | B143: 1205690 | C143: -338.92 | D143: -1.53093 | E143: 0.0922406
A144: 308.424 | B144: 1234640 | C144: -335.937 | D144: -1.52143 | E144: 0.0925714
A145: 309.424 | B145: 1264080 | C145: -332.936 | D145: -1.51191 | E145: 0.0929072
A146: 310.424 | B146: 1294030 | C146: -329.918 | D146: -1.50237 | E146: 0.0932483
... A501: 369.83 | B501: 4169160 | C501: -11.1997 | D501: -0.610929 | E501: 0.186246
A503: 2_comp_out
A504: Tb (K) | B504: Pb (Pa) | C504: Hb (kJ/kg) | D504: Sb (kJ/[kg.K]) | E504: Vb (m3/mol) | F504: Td (K) | G504: Pd (Pa) | H504: Hd (kJ/kg) | I504: Sd (kJ/[kg.K]) | J504: Vd (m3/mol) | K504: Test (K) | L504: Pest (Pa) | M504: TQ (K) | N504: PQ (Pa) | O504: TPIP (K) | P504: PPIP (Pa) | Q504: THsI (K) | R504: PHsI (Pa) | S504: THsII (K) | T504: PHsII (Pa) | U504: TDFW (K) | V504: PDFW (Pa) | W504: HDFW (kJ/kg) | X504: SDFW (kJ/[kg.K]) | Y504: VDFW (m3/mol) | Z504: Tb1 (K) | AA504: Pb1 (Pa) | AB504: Hb1 (kJ/kg) | AC504: Sb1 (kJ/[kg.K]) | AD504: Vb1 (m3/mol) | AE504: Tb2 (K) | AF504: Pb2 (Pa) | AG504: Hb2 (kJ/kg) | AH504: Sb2 (kJ/[kg.K]) | AI504: Vb2 (m3/mol) | AJ504: SLE L T (K) | AK504: SLE L P (Pa) | AL504: SLE S T (K) | AM504: SLE S P (Pa) | AN504: Widom Cp T (K) | AO504: Widom Cp P (Pa) | AP504: Widom kT T (K) | AQ504: Widom kT P (Pa) | AR504: Widom Avg T (K) | AS504: Widom Avg P (Pa)
A505: 166.424 | B505: 1589.06 | C505: -657.798 | D505: -2.87638 | E505: 0.0676043 | F505: 230.945 | G505: 101325 | H505: -107.247 | I505: -0.401637 | J505: 18.3215 | K505: 0 | L505: 0 | O505: 0 | P505: 0
A506: 167.424 | B506: 1742.91 | C506: -656.001 | D506: -2.86562 | E506: 0.0677072 | F506: 236.042 | G506: 126325 | H506: -100.948 | I506: -0.414724 | J506: 14.925
A507: 168.424 | B507: 1909.29 | C507: -654.2 | D507: -2.8549 | E507: 0.0678105 | F507: 240.408 | G507: 151325 | H507: -95.554 | I507: -0.424683 | J507: 12.6131
A508: 169.424 | B508: 2089.02 | C508: -652.394 | D508: -2.84421 | E508: 0.0679144 | F508: 241.408 | G508: 157553 | H508: -94.3195 | I508: -0.426813 | J508: 12.147
A509: 170.424 | B509: 2282.96 | C509: -650.584 | D509: -2.83356 | E509: 0.0680189 | F509: 242.408 | G509: 163977 | H509: -93.0855 | I509: -0.428888 | J509: 11.7019
A510: 171.424 | B510: 2491.98 | C510: -648.77 | D510: -2.82295 | E510: 0.0681239 | F510: 243.408 | G510: 170599 | H510: -91.8522 | I510: -0.43091 | J510: 11.2767
A511: 172.424 | B511: 2717.03 | C511: -646.951 | D511: -2.81237 | E511: 0.0682294 | F511: 244.408 | G511: 177426 | H511: -90.6195 | I511: -0.43288 | J511: 10.8703
A512: 173.424 | B512: 2959.06 | C512: -645.127 | D512: -2.80183 | E512: 0.0683354 | F512: 245.408 | G512: 184459 | H512: -89.3877 | I512: -0.434799 | J512: 10.4818
A513: 174.424 | B513: 3219.11 | C513: -643.299 | D513: -2.79132 | E513: 0.0684421 | F513: 246.408 | G513: 191704 | H513: -88.1568 | I513: -0.436667 | J513: 10.1102
A514: 175.424 | B514: 3498.21 | C514: -641.467 | D514: -2.78085 | E514: 0.0685493 | F514: 247.408 | G514: 199164 | H514: -86.9268 | I514: -0.438487 | J514: 9.75469
A515: 176.424 | B515: 3797.46 | C515: -639.63 | D515: -2.77041 | E515: 0.068657 | F515: 248.408 | G515: 206844 | H515: -85.6979 | I515: -0.440259 | J515: 9.41442
A516: 177.424 | B516: 4118.01 | C516: -637.788 | D516: -2.76 | E516: 0.0687653 | F516: 249.408 | G516: 214747 | H516: -84.4702 | I516: -0.441983 | J516: 9.08862
A517: 178.424 | B517: 4461.03 | C517: -635.941 | D517: -2.74963 | E517: 0.0688742 | F517: 250.408 | G517: 222879 | H517: -83.2437 | I517: -0.443662 | J517: 8.77656
... A637: 298.424 | B637: 966696 | C637: -365.051 | D637: -1.61561 | E637: 0.0894712 | F637: 370.408 | G637: 4209750 | H637: -12.3729 | I637: -0.614852 | J637: 0.304268
A638: 299.424 | B638: 991392 | C638: -362.209 | D638: -1.60627 | E638: 0.0897621
A639: 300.424 | B639: 1016540 | C639: -359.351 | D639: -1.5969 | E639: 0.0900568
A640: 301.424 | B640: 1042150 | C640: -356.479 | D640: -1.58753 | E640: 0.0903557
A641: 302.424 | B641: 1068220 | C641: -353.592 | D641: -1.57814 | E641: 0.0906587
A642: 303.424 | B642: 1094760 | C642: -350.689 | D642: -1.56873 | E642: 0.090966
A643: 304.424 | B643: 1121770 | C643: -347.771 | D643: -1.55931 | E643: 0.0912777
A644: 305.424 | B644: 1149260 | C644: -344.837 | D644: -1.54986 | E644: 0.091594
A645: 306.424 | B645: 1177230 | C645: -341.887 | D645: -1.54041 | E645: 0.0919149
A646: 307.424 | B646: 1205690 | C646: -338.92 | D646: -1.53093 | E646: 0.0922406
A647: 308.424 | B647: 1234640 | C647: -335.937 | D647: -1.52143 | E647: 0.0925714
A648: 309.424 | B648: 1264080 | C648: -332.936 | D648: -1.51191 | E648: 0.0929072
A649: 310.424 | B649: 1294030 | C649: -329.918 | D649: -1.50237 | E649: 0.0932483
... A1004: 369.83 | B1004: 4169160 | C1004: -11.1997 | D1004: -0.610929 | E1004: 0.186246
A1006: 3_cond_out
A1007: Tb (K) | B1007: Pb (Pa) | C1007: Hb (kJ/kg) | D1007: Sb (kJ/[kg.K]) | E1007: Vb (m3/mol) | F1007: Td (K) | G1007: Pd (Pa) | H1007: Hd (kJ/kg) | I1007: Sd (kJ/[kg.K]) | J1007: Vd (m3/mol) | K1007: Test (K) | L1007: Pest (Pa) | M1007: TQ (K) | N1007: PQ (Pa) | O1007: TPIP (K) | P1007: PPIP (Pa) | Q1007: THsI (K) | R1007: PHsI (Pa) | S1007: THsII (K) | T1007: PHsII (Pa) | U1007: TDFW (K) | V1007: PDFW (Pa) | W1007: HDFW (kJ/kg) | X1007: SDFW (kJ/[kg.K]) | Y1007: VDFW (m3/mol) | Z1007: Tb1 (K) | AA1007: Pb1 (Pa) | AB1007: Hb1 (kJ/kg) | AC1007: Sb1 (kJ/[kg.K]) | AD1007: Vb1 (m3/mol) | AE1007: Tb2 (K) | AF1007: Pb2 (Pa) | AG1007: Hb2 (kJ/kg) | AH1007: Sb2 (kJ/[kg.K]) | AI1007: Vb2 (m3/mol) | AJ1007: SLE L T (K) | AK1007: SLE L P (Pa) | AL1007: SLE S T (K) | AM1007: SLE S P (Pa) | AN1007: Widom Cp T (K) | AO1007: Widom Cp P (Pa) | AP1007: Widom kT T (K) | AQ1007: Widom kT P (Pa) | AR1007: Widom Avg T (K) | AS1007: Widom Avg P (Pa)
A1008: 166.424 | B1008: 1589.06 | C1008: -657.798 | D1008: -2.87638 | E1008: 0.0676043 | F1008: 230.945 | G1008: 101325 | H1008: -107.247 | I1008: -0.401637 | J1008: 18.3215 | K1008: 0 | L1008: 0 | O1008: 0 | P1008: 0
A1009: 167.424 | B1009: 1742.91 | C1009: -656.001 | D1009: -2.86562 | E1009: 0.0677072 | F1009: 236.042 | G1009: 126325 | H1009: -100.948 | I1009: -0.414724 | J1009: 14.925
A1010: 168.424 | B1010: 1909.29 | C1010: -654.2 | D1010: -2.8549 | E1010: 0.0678105 | F1010: 240.408 | G1010: 151325 | H1010: -95.554 | I1010: -0.424683 | J1010: 12.6131
A1011: 169.424 | B1011: 2089.02 | C1011: -652.394 | D1011: -2.84421 | E1011: 0.0679144 | F1011: 241.408 | G1011: 157553 | H1011: -94.3195 | I1011: -0.426813 | J1011: 12.147
A1012: 170.424 | B1012: 2282.96 | C1012: -650.584 | D1012: -2.83356 | E1012: 0.0680189 | F1012: 242.408 | G1012: 163977 | H1012: -93.0855 | I1012: -0.428888 | J1012: 11.7019
A1013: 171.424 | B1013: 2491.98 | C1013: -648.77 | D1013: -2.82295 | E1013: 0.0681239 | F1013: 243.408 | G1013: 170599 | H1013: -91.8522 | I1013: -0.43091 | J1013: 11.2767
A1014: 172.424 | B1014: 2717.03 | C1014: -646.951 | D1014: -2.81237 | E1014: 0.0682294 | F1014: 244.408 | G1014: 177426 | H1014: -90.6195 | I1014: -0.43288 | J1014: 10.8703
A1015: 173.424 | B1015: 2959.06 | C1015: -645.127 | D1015: -2.80183 | E1015: 0.0683354 | F1015: 245.408 | G1015: 184459 | H1015: -89.3877 | I1015: -0.434799 | J1015: 10.4818
A1016: 174.424 | B1016: 3219.11 | C1016: -643.299 | D1016: -2.79132 | E1016: 0.0684421 | F1016: 246.408 | G1016: 191704 | H1016: -88.1568 | I1016: -0.436667 | J1016: 10.1102
A1017: 175.424 | B1017: 3498.21 | C1017: -641.467 | D1017: -2.78085 | E1017: 0.0685493 | F1017: 247.408 | G1017: 199164 | H1017: -86.9268 | I1017: -0.438487 | J1017: 9.75469
A1018: 176.424 | B1018: 3797.46 | C1018: -639.63 | D1018: -2.77041 | E1018: 0.068657 | F1018: 248.408 | G1018: 206844 | H1018: -85.6979 | I1018: -0.440259 | J1018: 9.41442
A1019: 177.424 | B1019: 4118.01 | C1019: -637.788 | D1019: -2.76 | E1019: 0.0687653 | F1019: 249.408 | G1019: 214747 | H1019: -84.4702 | I1019: -0.441983 | J1019: 9.08862
A1020: 178.424 | B1020: 4461.03 | C1020: -635.941 | D1020: -2.74963 | E1020: 0.0688742 | F1020: 250.408 | G1020: 222879 | H1020: -83.2437 | I1020: -0.443662 | J1020: 8.77656
... A1140: 298.424 | B1140: 966696 | C1140: -365.051 | D1140: -1.61561 | E1140: 0.0894712 | F1140: 370.408 | G1140: 4209750 | H1140: -12.3729 | I1140: -0.614852 | J1140: 0.304268
A1141: 299.424 | B1141: 991392 | C1141: -362.209 | D1141: -1.60627 | E1141: 0.0897621
A1142: 300.424 | B1142: 1016540 | C1142: -359.351 | D1142: -1.5969 | E1142: 0.0900568
A1143: 301.424 | B1143: 1042150 | C1143: -356.479 | D1143: -1.58753 | E1143: 0.0903557
A1144: 302.424 | B1144: 1068220 | C1144: -353.592 | D1144: -1.57814 | E1144: 0.0906587
A1145: 303.424 | B1145: 1094760 | C1145: -350.689 | D1145: -1.56873 | E1145: 0.090966
A1146: 304.424 | B1146: 1121770 | C1146: -347.771 | D1146: -1.55931 | E1146: 0.0912777
A1147: 305.424 | B1147: 1149260 | C1147: -344.837 | D1147: -1.54986 | E1147: 0.091594
A1148: 306.424 | B1148: 1177230 | C1148: -341.887 | D1148: -1.54041 | E1148: 0.0919149
A1149: 307.424 | B1149: 1205690 | C1149: -338.92 | D1149: -1.53093 | E1149: 0.0922406
A1150: 308.424 | B1150: 1234640 | C1150: -335.937 | D1150: -1.52143 | E1150: 0.0925714
A1151: 309.424 | B1151: 1264080 | C1151: -332.936 | D1151: -1.51191 | E1151: 0.0929072
A1152: 310.424 | B1152: 1294030 | C1152: -329.918 | D1152: -1.50237 | E1152: 0.0932483
... A1507: 369.83 | B1507: 4169160 | C1507: -11.1997 | D1507: -0.610929 | E1507: 0.186246
A1509: 4_valve_out
A1510: Tb (K) | B1510: Pb (Pa) | C1510: Hb (kJ/kg) | D1510: Sb (kJ/[kg.K]) | E1510: Vb (m3/mol) | F1510: Td (K) | G1510: Pd (Pa) | H1510: Hd (kJ/kg) | I1510: Sd (kJ/[kg.K]) | J1510: Vd (m3/mol) | K1510: Test (K) | L1510: Pest (Pa) | M1510: TQ (K) | N1510: PQ (Pa) | O1510: TPIP (K) | P1510: PPIP (Pa) | Q1510: THsI (K) | R1510: PHsI (Pa) | S1510: THsII (K) | T1510: PHsII (Pa) | U1510: TDFW (K) | V1510: PDFW (Pa) | W1510: HDFW (kJ/kg) | X1510: SDFW (kJ/[kg.K]) | Y1510: VDFW (m3/mol) | Z1510: Tb1 (K) | AA1510: Pb1 (Pa) | AB1510: Hb1 (kJ/kg) | AC1510: Sb1 (kJ/[kg.K]) | AD1510: Vb1 (m3/mol) | AE1510: Tb2 (K) | AF1510: Pb2 (Pa) | AG1510: Hb2 (kJ/kg) | AH1510: Sb2 (kJ/[kg.K]) | AI1510: Vb2 (m3/mol) | AJ1510: SLE L T (K) | AK1510: SLE L P (Pa) | AL1510: SLE S T (K) | AM1510: SLE S P (Pa) | AN1510: Widom Cp T (K) | AO1510: Widom Cp P (Pa) | AP1510: Widom kT T (K) | AQ1510: Widom kT P (Pa) | AR1510: Widom Avg T (K) | AS1510: Widom Avg P (Pa)
A1511: 166.424 | B1511: 1589.06 | C1511: -657.798 | D1511: -2.87638 | E1511: 0.0676043 | F1511: 230.945 | G1511: 101325 | H1511: -107.247 | I1511: -0.401637 | J1511: 18.3215 | K1511: 0 | L1511: 0 | O1511: 0 | P1511: 0
A1512: 167.424 | B1512: 1742.91 | C1512: -656.001 | D1512: -2.86562 | E1512: 0.0677072 | F1512: 236.042 | G1512: 126325 | H1512: -100.948 | I1512: -0.414724 | J1512: 14.925
A1513: 168.424 | B1513: 1909.29 | C1513: -654.2 | D1513: -2.8549 | E1513: 0.0678105 | F1513: 240.408 | G1513: 151325 | H1513: -95.554 | I1513: -0.424683 | J1513: 12.6131
A1514: 169.424 | B1514: 2089.02 | C1514: -652.394 | D1514: -2.84421 | E1514: 0.0679144 | F1514: 241.408 | G1514: 157553 | H1514: -94.3195 | I1514: -0.426813 | J1514: 12.147
A1515: 170.424 | B1515: 2282.96 | C1515: -650.584 | D1515: -2.83356 | E1515: 0.0680189 | F1515: 242.408 | G1515: 163977 | H1515: -93.0855 | I1515: -0.428888 | J1515: 11.7019
A1516: 171.424 | B1516: 2491.98 | C1516: -648.77 | D1516: -2.82295 | E1516: 0.0681239 | F1516: 243.408 | G1516: 170599 | H1516: -91.8522 | I1516: -0.43091 | J1516: 11.2767
A1517: 172.424 | B1517: 2717.03 | C1517: -646.951 | D1517: -2.81237 | E1517: 0.0682294 | F1517: 244.408 | G1517: 177426 | H1517: -90.6195 | I1517: -0.43288 | J1517: 10.8703
A1518: 173.424 | B1518: 2959.06 | C1518: -645.127 | D1518: -2.80183 | E1518: 0.0683354 | F1518: 245.408 | G1518: 184459 | H1518: -89.3877 | I1518: -0.434799 | J1518: 10.4818
A1519: 174.424 | B1519: 3219.11 | C1519: -643.299 | D1519: -2.79132 | E1519: 0.0684421 | F1519: 246.408 | G1519: 191704 | H1519: -88.1568 | I1519: -0.436667 | J1519: 10.1102
A1520: 175.424 | B1520: 3498.21 | C1520: -641.467 | D1520: -2.78085 | E1520: 0.0685493 | F1520: 247.408 | G1520: 199164 | H1520: -86.9268 | I1520: -0.438487 | J1520: 9.75469
A1521: 176.424 | B1521: 3797.46 | C1521: -639.63 | D1521: -2.77041 | E1521: 0.068657 | F1521: 248.408 | G1521: 206844 | H1521: -85.6979 | I1521: -0.440259 | J1521: 9.41442
A1522: 177.424 | B1522: 4118.01 | C1522: -637.788 | D1522: -2.76 | E1522: 0.0687653 | F1522: 249.408 | G1522: 214747 | H1522: -84.4702 | I1522: -0.441983 | J1522: 9.08862
...

Sheet DWSIM_Report
A1: Object: CD-1
A3: Flow Conductance | B3: 1 | C3: [kg/s]/[Pa^0.5]
A4: Volume | B4: 1 | C4: m3
A5: Minimum Pressure | B5: 101325 | C5: Pa
A6: Initialize using Inlet Stream | B6: -1
A7: Reset Content | B7: 0
A8: Ambient Temperature | B8: 298.15 | C8: K
A9: Ambient UA Product | B9: 0 | C9: W/[m2.K]
A10: Wall Thermal Mass | B10: 0
A11: Wall Temperature | B11: 298.15 | C11: K
A12: Pressure Drop | B12: 0 | C12: Pa
A13: Efficiency | B13: 100
A14: Outlet Temperature | B14: 305 | C14: K
A15: Heat Removed | B15: 15.9372 | C15: kW
A16: Outlet Molar Vapor Fraction | B16: 0
A17: Temperature Difference | B17: -20.138 | C17: K.
A19: Object: EV-1
A21: Flow Conductance | B21: 1 | C21: [kg/s]/[Pa^0.5]
A22: Volume | B22: 1 | C22: m3
A23: Minimum Pressure | B23: 101325 | C23: Pa
A24: Initialize using Inlet Stream | B24: -1
A25: Reset Content | B25: 0
A26: Ambient Temperature | B26: 298.15 | C26: K
A27: Ambient UA Product | B27: 0 | C27: W/[m2.K]
A28: Wall Thermal Mass | B28: 0
A29: Wall Temperature | B29: 298.15 | C29: K
A30: Pressure Drop | B30: 0 | C30: Pa
A31: Efficiency | B31: 100
A32: Outlet Temperature | B32: 253 | C32: K
A33: Heat Added | B33: 11.7348 | C33: kW
A34: Outlet Molar Vapor Fraction | B34: 1
A35: Temperature Difference | B35: 0.00542038 | C35: K.
A37: Object: C-1
A39: Flow Conductance | B39: 1 | C39: [kg/s]/[Pa^0.5]
A40: Volume | B40: 0.01 | C40: m3
A41: Minimum Pressure | B41: 101325 | C41: Pa
A42: Initialize using Inlet Stream | B42: -1
A43: Reset Content | B43: 0
A44: Rotational Inertia | B44: 0
A45: Current Speed | B45: 3000
A46: Target Speed | B46: 3000
A47: Motor Torque | B47: 200
A48: Surge Flow Fraction | B48: 0
A49: Surge Alarm | B49: 0
A50: Pressure Increase | B50: 1.005E+06 | C50: Pa
A51: Adiabatic Efficiency | B51: 80 | C51: %
A52: Temperature Difference | B52: 72.1434 | C52: K.
A53: Power Required | B53: 4.20275 | C53: kW
A54: Outlet Pressure | B54: 1.25E+06 | C54: Pa
A55: PolytropicEfficiency | B55: 83.9906 | C55: %
A56: AdiabaticCoefficient | B56: 1.01398
A57: PolytropicCoefficient | B57: 1.07856
A58: AdiabaticHead | B58: 7875.74 | C58: m
A59: PolytropicHead | B59: 8268.6 | C59: m
A60: RotationSpeed | B60: 1500 | C60: rpm
A61: PressureRatio | B61: 5.10204
A63: Object: V-1
A65: Actuator Delay | B65: 0 | C65: s
A66: Actuator Time Constant | B66: 0 | C66: s
A67: Opening Setpoint | B67: 100
A68: Cavitation Alarm | B68: 0
A69: Liquid Pressure Recovery Factor FL | B69: 0.9
A70: Calculation Mode | B70: 1
A71: Pressure Drop | B71: 1.005E+06 | C71: Pa
A72: Outlet Pressure | B72: 245000 | C72: Pa
A73: Temperature Drop | B73: -52.0054 | C73: K.
A74: Kv(max) | B74: 100
A75: Opening | B75: 50
A76: Characteristic Parameter | B76: 50
A77: Actual Flow Coefficient | B77: 100
A79: Object: W_comp
A81: Energy Flow | B81: 4.20275 | C81: kW
A83: Object: Q_cond
A85: Energy Flow | B85: 15.9372 | C85: kW
A87: Object: Q_evap
A89: Energy Flow | B89: 11.7348 | C89: kW
A91: Object: 1_evap_out
A93: Temperature | B93: 252.995 | C93: K
A94: Pressure | B94: 245000 | C94: Pa
A95: Mass Flow | B95: 0.0440956 | C95: kg/s
A96: Molar Flow | B96: 1 | C96: mol/s
A97: Volumetric Flow | B97: 0.00802833 | C97: m3/s
A98: Density (Mixture) | B98: 5.4925 | C98: kg/m3
A99: Molecular Weight (Mixture) | B99: 44.0956 | C99: kg/kmol
A100: Specific Enthalpy (Mixture) | B100: -80.0775 | C100: kJ/kg
A101: Specific Entropy (Mixture) | B101: -0.447798 | C101: kJ/[kg.K]
A102: Molar Enthalpy (Mixture) | B102: -3531.07 | C102: kJ/kmol
A103: Molar Entropy (Mixture) | B103: -19.7459 | C103: kJ/[kmol.K]
A104: Thermal Conductivity (Mixture) | B104: 0.0135163 | C104: W/[m.K]
A106: Object: 2_comp_out
A108: Temperature | B108: 325.138 | C108: K
A109: Pressure | B109: 1.25E+06 | C109: Pa
A110: Mass Flow | B110: 0.0440956 | C110: kg/s
A111: Molar Flow | B111: 1 | C111: mol/s
A112: Volumetric Flow | B112: 0.00177187 | C112: m3/s
A113: Density (Mixture) | B113: 24.8865 | C113: kg/m3
A114: Molecular Weight (Mixture) | B114: 44.0956 | C114: kg/kmol
A115: Specific Enthalpy (Mixture) | B115: 15.2325 | C115: kJ/kg
A116: Specific Entropy (Mixture) | B116: -0.388308 | C116: kJ/[kg.K]
A117: Molar Enthalpy (Mixture) | B117: 671.685 | C117: kJ/kmol
...
